Rua, Bairro, Cidade, Estado, CEP
R. Alvaraes, Alvorada, Manaus, Amazonas,69042-170
Av. Brasil-1932, Compensa 2, Manaus, Amazonas, 69036-110
R. Natal, 665-609, Raiz, Manaus, Amazonas, 69068-580
Alameda A. Gilberto Mestrinho, Castanheira, Manaus, Amazonas, 69086-411
Avenida Manoel Monteiro - 1344 - Quadra-14 - Lote-21, Vila Pai Eterno, Trindade, Goias, 75388-238
Rua Joao Batista de Toledo - s/n Quadra 13 - R. L-6 - Sala 1, St. Central, Aparecida de Goiania, Goias, 74980-060
Ed Hipermercado - Av. Nossa Sra. da Penha - 2150 - Loja 54, Barro Vermelho, Vitoria, Espirito Santo, 29057-565
Avenida Americo Buaiz, n.200, Piso Terreo, Vitoria, Espirito Santo, 29050-902
R. Dr. Otavio Santos - 200, Jardim Itu-Sabara, Porto Alegre, Rio Grande do Sul, 91210-000
Av. Assis Brasil - 808, Santa Maria Goretti, Porto Alegre, Rio Grande do Sul, 91010-000
